<?xml version="1.0"?>
<!DOCTYPE Configure PUBLIC "-//Mort Bay Consulting//DTD Configure//EN" "http://jetty.mortbay.org/configure.dtd">

<!-- =============================================================== -->
<!-- Configure the Jetty Server                                      -->
<!--                                                                 -->
<!-- Documentation of this file format can be found at:              -->
<!-- http://docs.codehaus.org/display/JETTY/jetty.xml                -->
<!--                                                                 -->
<!-- =============================================================== -->


<Configure id="Server" class="org.mortbay.jetty.Server">

    <!-- =========================================================== -->
    <!-- Server Thread Pool                                          -->
    <!-- =========================================================== -->
    <Set name="ThreadPool">

      <New class="org.mortbay.thread.QueuedThreadPool">
        <Set name="minThreads">10</Set>
        <Set name="maxThreads">15</Set>
        <Set name="lowThreads">5</Set>
        <Set name="SpawnOrShrinkAt">2</Set>
      </New>
    </Set>

    <!-- =========================================================== -->
    <!-- Set connectors                                              -->
    <!-- =========================================================== -->
    <!-- One of each type!                                           -->
    <!-- =========================================================== -->

    <!-- Use this connector for many frequently idle connections
         and for threadless continuations.
    -->    
    <Call name="addConnector">
      <Arg>
          <New class="org.mortbay.jetty.nio.SelectChannelConnector">
            <Set name="host"><SystemProperty name="jetty.host" /></Set>
            <Set name="port"><SystemProperty name="jetty.port" default="9627"/></Set>
            <Set name="maxIdleTime">30000</Set>
            <Set name="Acceptors">2</Set>
            <Set name="statsOn">false</Set>
            <Set name="confidentialPort">9643</Set>
            <Set name="lowResourcesConnections">5000</Set>
            <Set name="lowResourcesMaxIdleTime">5000</Set>
          </New>
      </Arg>
    </Call>

    <!-- =========================================================== -->
    <!-- Set handler Collection Structure                            --> 
    <!-- =========================================================== -->
    <Set name="handler">
      <New id="Handlers" class="org.mortbay.jetty.handler.HandlerCollection">
        <Set name="handlers">
         <Array type="org.mortbay.jetty.Handler">
           <Item>
             <New id="Contexts" class="org.mortbay.jetty.handler.ContextHandlerCollection"/>
           </Item>
           <Item>
             <New id="DefaultHandler" class="org.mortbay.jetty.handler.DefaultHandler"/>
           </Item>
         </Array>
        </Set>
      </New>
    </Set>
    
    <!-- =========================================================== -->
    <!-- Configure the webapp deployer.                              -->
    <!-- A webapp  deployer will deploy standard webapps discovered  -->
    <!-- in a directory at startup, without the need for additional  -->
    <!-- configuration files.    It does not support hot deploy or   -->
    <!-- non standard contexts (see ContextDeployer above).          -->
    <!--                                                             -->
    <!-- This deployer is configured to deploy webapps from the      -->
    <!-- $JETTY_HOME/webapps directory                               -->
    <!--                                                             -->
    <!-- Normally only one type of deployer need be used.            -->
    <!--                                                             -->
    <!-- =========================================================== -->
    <Call name="addLifeCycle">
      <Arg>
        <New class="org.mortbay.jetty.deployer.WebAppDeployer">
          <Set name="contexts"><Ref id="Contexts"/></Set>
          <Set name="webAppDir"><SystemProperty name="jetty.home" default="."/>/webapps</Set>
          <Set name="parentLoaderPriority">false</Set>
          <Set name="extract">true</Set>
          <Set name="allowDuplicates">false</Set>
          <Set name="defaultsDescriptor"><SystemProperty name="jetty.home" default="."/>/etc/webdefault.xml</Set>
        </New>
      </Arg>
    </Call>

    <!-- =========================================================== -->
    <!-- extra options                                               -->
    <!-- =========================================================== -->
    <Set name="stopAtShutdown">true</Set>
    <Set name="sendServerVersion">true</Set>
    <Set name="sendDateHeader">true</Set>
    <Set name="gracefulShutdown">1000</Set>

</Configure>
